[
  {
    "client_name": "Ali",
    "collector_name": "How are you",
    "debtor_name": "James",
    "amount": "500",
    "remaining_amount": "-8100",
    "collected_amount": "8600",
    "description": "OK"
  },
  {
    "client_name": "Ali",
    "collector_name": "How are you",
    "debtor_name": "Zohaib",
    "amount": "10",
    "remaining_amount": "-2690",
    "collected_amount": "2700",
    "description": "OK"
  },
  {
    "client_name": "Ali",
    "collector_name": "How are you",
    "debtor_name": "Khalid",
    "amount": "756",
    "remaining_amount": "-1744",
    "collected_amount": "2500",
    "description": "OK"
  },
  {
    "client_name": "Ali",
    "collector_name": "How are you",
    "debtor_name": "Ahmad",
    "amount": "1000",
    "remaining_amount": "-299000",
    "collected_amount": "300000",
    "description": "OK"
  },
  {
    "client_name": "Ali",
    "collector_name": "How are you",
    "debtor_name": "Test",
    "amount": "209",
    "remaining_amount": "-1500",
    "collected_amount": "1709",
    "description": "OK"
  }

]
